text,label
How much is the train from London to Edinburgh usually? I'm trying to finalize my budget for next month and the prices online seem to fluctuate wildly depending on the booking site.,logistical_guide
"The hostel in Berlin cost me around 35 euros a night, which felt a bit steep for a 12-bed dorm. Does anyone know if prices drop significantly in November, or is this the standard rate year-round?",logistical_guide
"What is the best route to take when traveling from Prague to Vienna by bus? I'm looking at FlixBus and RegioJet, but I want to make sure I'm picking the most direct and reliable option.",logistical_guide
"Taking the bus from Hanoi to Sapa was a logistical nightmare. For anyone planning this, make sure you book the VIP sleeper at least two days in advance, otherwise you'll be stuck on the plastic floor mats.",logistical_guide
"Is the Eurail pass worth it for a three-week trip covering Italy, Switzerland, and France? I've mapped out my point-to-point tickets and they come out to $450, but the pass is $520 and offers more flexibility.",logistical_guide
"I spent 50 dollars a day in Japan, strictly tracking every meal and transit ticket. If you stick to convenience store food for breakfast and avoid the Shinkansen, it's actually very doable.",logistical_guide
The ferry schedule to Split from Hvar seems completely unreliable online. Can anyone confirm if the 8:00 AM Jadrolinija catamaran actually runs on Sundays during the shoulder season?,logistical_guide
Where to find cheap flights from South America to Europe without 30-hour layovers? I've been checking Skyscanner daily but everything out of Buenos Aires to Madrid is over $900 one-way right now.,logistical_guide
"My budget for three weeks in Southeast Asia is $1200, excluding flights. Will this be enough to cover private rooms in guesthouses, daily street food, and a few domestic flights between Thailand and Vietnam?",logistical_guide
"The subway system in Tokyo is incredibly efficient but the pricing structure is confusing. Should I get a Suica card at the airport, or does the 72-hour unlimited tourist pass actually save you more money?",logistical_guide
"Paris is completely overrated and I don't understand the hype. The streets were crowded, everything was ridiculously overpriced, and I found it really hard to connect with the local culture compared to smaller French towns.",destination_take
"I absolutely loved the vibe in Lisbon. The mix of old-world architecture, the incredible street art, and the relaxed pace of life just made it the perfect city to wander around and get lost in.",destination_take
"Kyoto was too crowded for me to actually enjoy the temples. It felt more like a theme park than a spiritual center, and the constant sea of selfie sticks really ruined the serene atmosphere I was expecting.",destination_take
"The food in Italy was honestly a bit of a letdown in the main tourist hubs. Unless you get way off the beaten path, a lot of the trattorias just serve overpriced, mediocre pasta that caters to American tastes.",destination_take
"I found London to be incredibly vibrant and culturally diverse. Every neighborhood feels like a completely different city, and the museum scene is arguably the best in the world.",destination_take
"Barcelona has the best nightlife I have ever experienced in Europe. The energy in the Gothic Quarter after midnight is unmatched, and the locals really know how to keep the party going until sunrise.",destination_take
"The locals in Spain were some of the warmest and most welcoming people I've met. Even with the language barrier in Andalusia, everyone went out of their way to help me find my way around.",destination_take
"I think Prague is a beautiful city, but it feels completely overrun by stag dos and cheap tourism. The architecture is stunning, but the authentic Czech culture feels buried under souvenir shops.",destination_take
"My honest review of Rome is that it's an absolute chaotic masterpiece. It's dirty and loud, but the sheer weight of the history around every corner makes it one of the most compelling cities on earth.",destination_take
"The culture shock in India was intense, but ultimately incredibly rewarding. It's an assault on the senses in every way possible, and while it's not an easy place to travel, it changes your perspective entirely.",destination_take
"I feel so incredibly lonely on this trip right now. I've been traveling for three weeks and haven't really clicked with anyone in the hostels, making me question why I even came out here alone.",emotional_vent
"Has anyone experienced severe burnout after traveling for months? I don't even want to leave my hostel bed today to see the sights, I just feel completely emotionally drained and exhausted.",emotional_vent
"I just want to go home right now. Everything keeps going wrong, I missed my train, it's pouring rain, and I'm sitting in a cafe trying not to cry in public.",emotional_vent
"The anxiety is ruining my trip entirely. I keep overthinking every interaction, worrying about my safety, and stressing over my budget to the point where I can't even enjoy the beautiful places I'm visiting.",emotional_vent
I am crying in my dorm bed because the homesickness just hit me like a truck. I missed my best friend's birthday party back home and I feel so disconnected from my real life.,emotional_vent
"Does the homesickness ever go away, or do you just learn to deal with it? It's my first solo trip and the quiet moments at night are becoming unbearable because I just miss my family.",emotional_vent
"I feel like giving up and booking a flight back tomorrow. I thought solo travel would be this empowering journey, but mostly I just feel isolated and overwhelmed by making every single decision myself.",emotional_vent
"Traveling alone is so exhausting mentally. You always have to be ""on"", watching your bags, navigating foreign languages, and constantly introducing yourself to strangers. I just want a break from my own brain.",emotional_vent
"I had a panic attack in the middle of a crowded market today. The noise, the heat, and the sudden realization of how far away from my support system I am just completely overwhelmed me.",emotional_vent
Missing my family so much today that it physically hurts. The holidays are coming up and seeing everyone post pictures together back home is making me deeply regret choosing to travel long-term.,emotional_vent
How to get from airport to the city center in Budapest at 2 AM? My flight was delayed and I'm worried the standard airport shuttle buses won't be running that late.,logistical_guide
The cheapest way to travel between the Greek islands seems to be the slow ferries. Does anyone have a breakdown of what a typical deck ticket costs from Athens to Santorini during the off-season?,logistical_guide
"Train times from Vienna to Salzburg seem to be every hour on the OBB website. Do I need to reserve a seat in advance for a Tuesday afternoon, or can I just buy a ticket at the station?",logistical_guide
"My exact daily budget breakdown for a month in Colombia came out to $42 a day. This included staying in 6-bed dorms, eating menu del dia for lunch, and taking regional buses between cities.",logistical_guide
The cost of food in Switzerland is destroying my budget. Even a basic meal at a casual restaurant is setting me back 25-30 CHF. What are the cheapest grocery stores to buy ingredients for hostel cooking?,logistical_guide
Booking hostels in advance vs showing up and negotiating? I'm heading to Central America next month and want to know if it's cheaper to walk in and ask for a bed rather than using Hostelworld.,logistical_guide
Which sim card is best for reliable data across multiple Balkan countries? I need to work remotely a few days a week and can't rely solely on hostel WiFi in places like Albania and North Macedonia.,logistical_guide
"The bus from Lima to Cusco takes about 22 hours, which sounds brutal. Has anyone taken the Cruz del Sur VIP service, and is the extra $30 worth it for the fully reclining seats?",logistical_guide
"What is the visa process for a US citizen entering Vietnam by land from Cambodia? I know e-visas work for airports, but I've heard conflicting reports about border crossings at Ha Tien.",logistical_guide
"My itinerary for two weeks in Patagonia involves flying into Punta Arenas, doing the W Trek, and then taking a bus up to El Chalten. Are there any glaring logistical holes in this plan?",logistical_guide
"The atmosphere in Amsterdam is incredibly charming, despite the crowds. Biking along the canals at dusk when the streetlights turn on is one of the most picturesque experiences I've ever had in Europe.",destination_take
I was disappointed by the reality of visiting the Pyramids. The aggressive touts and the amount of trash blowing around the site really detracted from the majesty of the monuments themselves.,destination_take
The architecture in Budapest is absolutely breathtaking. Walking along the Danube and seeing the Parliament building lit up at night completely exceeded my expectations and made the city my favorite in Eastern Europe.,destination_take
"I highly recommend visiting the lesser-known towns in Tuscany. Places like Lucca and Siena have all the charm and incredible food of Florence, but with a fraction of the overwhelming tourist crowds.",destination_take
"The nightlife in Berlin is as intense as everyone says, but it's also surprisingly inclusive. The club culture feels less about looking fancy and more about genuine appreciation for the music and the community.",destination_take
"I felt very safe in Mexico City, contrary to everything my family warned me about. The neighborhoods of Roma and Condesa are beautiful, walkable, and filled with incredible cafes and street food.",destination_take
"The beaches in Thailand are beautiful, but they feel very commercialized now. If you want a pristine, untouched island experience, you really have to go out of your way to avoid the main tourist hubs.",destination_take
"I did not enjoy my time in Dubai at all. It felt like a giant, soulless shopping mall built in the desert, completely lacking any authentic culture or history to explore.",destination_take
"The history in Athens is mind-blowing, but the city itself is a bit gritty. It's a fascinating contrast between ancient ruins and modern, graffiti-covered streets that gives it a very unique, edgy vibe.",destination_take
My thoughts on the local food scene in Oaxaca: it is arguably the best culinary destination in the world. The complexity of the moles and the vibrant street food culture are simply unmatched.,destination_take
I am so tired of having to constantly plan my next move. Decision fatigue has set in so hard that I spent the entire day in my hostel simply because I couldn't choose a restaurant for lunch.,emotional_vent
"The loneliness is really getting to me this week. I see groups of friends laughing at cafes and couples taking photos, and it just amplifies how solitary my own experience has been lately.",emotional_vent
I feel completely overwhelmed by the language barrier here. Not being able to express myself or even read basic signs is making me feel incredibly stupid and isolated from the world around me.,emotional_vent
"Has anyone else felt this sudden wave of depression mid-trip? I was having the time of my life last week, but today I woke up feeling entirely empty and unmotivated to do anything.",emotional_vent
"I just need to vent because I am so frustrated with myself. I got scammed by a taxi driver today and instead of brushing it off, I feel deeply embarrassed and anxious about trusting anyone else.",emotional_vent
"The culture shock is hitting me much harder than I anticipated. Everything is so loud, the personal space boundaries are non-existent, and my brain is just exhausted from trying to process it all.",emotional_vent
"I am struggling to make genuine connections on this trip. Hostel conversations rarely get past ""where are you from"" and ""where are you going,"" and I'm craving a real, deep conversation with someone.",emotional_vent
"I feel like a failure because I'm not enjoying this ""trip of a lifetime."" I spent so much money to be here, but my anxiety is so high that I'm just counting down the days until my flight home.",emotional_vent
"The anxiety of traveling alone as a woman is sometimes paralyzing. I constantly have my guard up, I don't go out after dark, and the hyper-vigilance is completely draining my energy.",emotional_vent
"I wish I stayed home instead of booking this month-long trip. The reality of backpacking is so much grungier and lonelier than the Instagram reels made it look, and I'm just deeply unhappy.",emotional_vent
"The best train app for navigating the UK rail network is definitely Trainline, but beware of their booking fees. It's often cheaper to look up the routes there and then book directly with the specific rail operator.",logistical_guide
"How much cash should I bring for a two-week trip to Japan? I know they are becoming more card-friendly, but I've heard that rural ryokans and small ramen shops still only accept Yen.",logistical_guide
"The ferry from Athens to Naxos takes about 5 hours on the Blue Star line. Economy tickets are around 50 Euros, but you need to book a few weeks in advance if traveling in July.",logistical_guide
"My detailed cost breakdown for hiking the Inca Trail: $750 for the 4-day permit and guide, $40 for porter tips, and $100 for gear rental in Cusco. It's expensive, but necessary since you can't go unguided.",logistical_guide
"The cheapest hostel in London right now seems to be around £25 a night, but that's for an 18-bed dorm in Zone 3. Factor in the daily tube cap of £8.10 when calculating your true daily cost.",logistical_guide
"How to navigate the metro in Paris without getting fined? Make sure you keep your small paper ticket until you completely exit the station, as inspectors frequently check them in the transfer tunnels.",logistical_guide
"The bus schedule for the Amalfi Coast is notoriously chaotic in the summer. SITA buses run every hour, but they often drive right past stops if they are already full, so plan for major delays.",logistical_guide
"Booking flights on budget airlines like Ryanair: always pay for your cabin bag upfront. If you try to sneak a slightly oversized backpack to the gate, they will hit you with a 70 Euro penalty fee.",logistical_guide
"The cost of a taxi from JFK to Manhattan is a flat rate of $70, plus tolls and tip, bringing it closer to $95. Taking the AirTrain to the subway is only $11.40 and often faster during rush hour.",logistical_guide
"What to pack for a multi-climate trip covering both the Andes and the Amazon? I need advice on layering systems that won't take up my entire 40L backpack, specifically regarding lightweight rain gear.",logistical_guide
"I think Florence is the most romantically beautiful city I've ever visited. The Renaissance art, the narrow cobblestone streets, and watching the sunset from Piazzale Michelangelo felt like stepping into a painting.",destination_take
"The vibe in Lisbon is incredibly laid-back compared to other European capitals. It has this wonderful, melancholic charm to it, and the locals seem to genuinely prioritize enjoying life over rushing around.",destination_take
"I was underwhelmed by the famous floating markets in Bangkok. They felt completely staged for tourists, with boats selling cheap souvenirs instead of actual produce, lacking any real authenticity.",destination_take
The street food in Vietnam is the absolute pinnacle of global cuisine. Sitting on tiny plastic stools eating a bowl of Pho that costs two dollars was the highlight of my entire Southeast Asian trip.,destination_take
"I found the locals to be quite standoffish in Scandinavia. They are polite and speak perfect English, but breaking the ice and actually making friends felt nearly impossible compared to Southern Europe.",destination_take
The scenery in Switzerland is so dramatically beautiful that it almost looks fake. Hiking through the Lauterbrunnen valley with the waterfalls and massive peaks was the most awe-inspiring nature experience of my life.,destination_take
I loved the energy in Seoul; it's a city that truly never sleeps. The contrast between ancient palaces and hyper-modern tech districts creates a fascinating dynamic that kept me exploring for weeks.,destination_take
"The tourist traps in Paris are everywhere, but if you avoid the restaurants with menus in five languages near the Louvre, you can still find incredible, authentic bistros tucked away in the outer arrondissements.",destination_take
"My favorite city in Europe is undoubtedly Edinburgh. The Gothic architecture, the moody weather, and the rich literary history give it a magical, slightly spooky atmosphere that I absolutely adore.",destination_take
"The best cultural experience I had was staying in a traditional Hanok in South Korea. Sleeping on the heated floors and experiencing the quiet, traditional way of life was incredibly grounding.",destination_take
"I am having a breakdown in the airport bathroom right now. I lost my passport, my flight leaves in two hours, and the sheer panic I am feeling is completely suffocating me.",emotional_vent
The homesickness is so bad today that I can't even look at photos of my dog without tearing up. I just want the comfort of my own bed and the familiarity of my own neighborhood.,emotional_vent
"I feel so isolated here because I don't speak a word of the language. I spend all day in silence, and the lack of basic human interaction is really starting to take a toll on my mental health.",emotional_vent
Does anyone else get travel fatigue so severe that beautiful sights mean nothing? I stared at the Taj Mahal today and felt absolutely zero emotion because my brain is just too exhausted to process any more wonder.,emotional_vent
"I am crying at the train station because I just missed the last train to my hostel. I am tired, it's dark, I'm scared, and I just want someone else to fix this for me for once.",emotional_vent
"The burnout is real guys, I've been on the road for six months and I'm officially done. I don't care about museums, I don't care about beaches, I just crave a mundane routine and a stable WiFi connection.",emotional_vent
"I feel so out of place in these party hostels. Everyone is 19, doing shots at 2 PM, and I'm sitting here reading a book feeling like an absolute alien who made a huge mistake booking this place.",emotional_vent
The anxiety is too much to handle today. I have a long bus ride tomorrow through the mountains and my mind keeps spiraling into worst-case scenarios about crashes and getting stranded.,emotional_vent
"I just want my own space so badly. After three weeks of sleeping in dorms with snoring strangers and packing my bag in the dark, the lack of privacy is making me incredibly irritable and depressed.",emotional_vent
"I am so exhausted from pretending I'm having a great time. I text my friends back home saying it's amazing, but in reality, I spend half my days fighting off panic attacks and feeling deeply alone.",emotional_vent
"The train from Munich to Neuschwanstein Castle is covered by the Bayern Ticket, which costs 29 Euros for one person. It allows unlimited regional travel for the day, making it the cheapest way to do a day trip.",logistical_guide
"How to save money on food in Iceland: stick to the Bonus grocery stores and buy hot dogs from gas stations. Eating at sit-down restaurants will easily cost you $40-$50 per meal, even for basic burgers.",logistical_guide
"The cost of a pint in London varies wildly by neighborhood. In central tourist spots like Soho, expect to pay £7 or more, but if you head out to local pubs in Zone 3, you can still find them for £4.50.",logistical_guide
"My budget for a month in the Philippines is $1500. I plan on taking several domestic ferries, doing an island-hopping tour in El Nido, and getting my PADI open water certification. Is this realistic?",logistical_guide
The best way to get from the Kansai airport to Kyoto is the Haruka Express train. You can buy a discounted ticket bundle online through Klook that includes a 1-day subway pass for about $14.,logistical_guide
"How to use the public transport in Istanbul: buy an Istanbulkart at the airport kiosks. You can load money onto it and use it for the metro, trams, and even the public ferries crossing the Bosphorus.",logistical_guide
"The cheapest flights to Europe from the US usually route through hub cities like London or Frankfurt. If you fly Norse Atlantic Airways into Gatwick, you can often find one-way fares under $250 in the off-season.",logistical_guide
"Booking accommodation in advance for Oktoberfest in Munich is mandatory. If you try to book in August for September dates, you will be paying 150 Euros for a single dorm bed, if you can find one at all.",logistical_guide
"The cost of living in Chiang Mai for digital nomads has gone up, but you can still rent a modern studio apartment for around $350 a month if you sign a 3-month lease.",logistical_guide
What is the best travel insurance that actually covers extreme sports? I plan on doing some high-altitude trekking in Nepal and need a policy that explicitly covers helicopter evacuation above 4000 meters.,logistical_guide
"I think Venice is a completely unique masterpiece, despite the sinking and the crowds. Getting lost in the maze of canals away from St. Mark's Square at night is a surreal, deeply romantic experience.",destination_take
"The atmosphere in Prague is incredibly moody and historic. The Gothic spires and the cobblestone streets give the whole city a slightly dark, fairytale vibe that I found absolutely captivating.",destination_take
"I was amazed by the sheer scale of the natural beauty in New Zealand. Every single drive feels like you are moving through a postcard, and the diversity of the landscapes is truly unparalleled.",destination_take
"The food scene in Tokyo is intimidating but incredibly rewarding. Even the cheapest, hole-in-the-wall ramen shops serve dishes with a level of care and precision that you rarely find in high-end restaurants elsewhere.",destination_take
"I found the city to be quite sterile and lacking character. Singapore is undeniably clean and efficient, but it feels more like a carefully curated shopping mall than a city with a raw, beating heart.",destination_take
"The nightlife in Madrid is a marathon, not a sprint. The fact that locals don't even eat dinner until 10 PM and the clubs don't get busy until 3 AM creates an electric, exhausting, and unforgettable culture.",destination_take
"I loved the architecture in Vienna; it feels incredibly grand and imperial. However, the city itself felt a bit stiff and formal to me, lacking the gritty, creative energy of places like Berlin or Budapest.",destination_take
"The locals were so friendly in Ireland that it genuinely caught me off guard. You can walk into any pub alone and within ten minutes, you'll be dragged into a conversation and treated like an old friend.",destination_take
"My honest opinion on the Amalfi Coast is that it's beautiful but not worth the stress. The traffic is horrendous, the prices are extortionate, and the beaches are mostly tiny strips of crowded pebbles.",destination_take
"The best part of my trip to Morocco was the chaos of the Marrakech medina. It's an absolute sensory overload of smells, colors, and noise, but leaning into the madness is part of the magic.",destination_take
"I am feeling so lost and directionless right now. I quit my job to travel the world, but instead of feeling free, I just feel an overwhelming sense of dread about what I'm doing with my life.",emotional_vent
"The loneliness is crushing me tonight. It's a Friday, I'm sitting in a hostel common room watching groups of people pre-drink and head out, and I just don't have the energy to try and insert myself.",emotional_vent
"I just want to go back to my comfort zone. I am tired of everything being difficult, from ordering a coffee to figuring out the laundry, and I'm mentally exhausted from the constant friction of travel.",emotional_vent
"Has anyone experienced this level of post-trip depression while still on the trip? I have a month left, but I feel like I'm already mourning the end of it, making me unable to enjoy the present moment.",emotional_vent
I am so overwhelmed by the poverty I'm seeing here. It feels deeply uncomfortable to be a privileged tourist taking photos while people are genuinely struggling to survive right in front of me.,emotional_vent
"The culture shock is intense and I'm not coping well. The constant staring and aggressive street vendors are making me highly defensive, and I hate the cynical person I am becoming on this trip.",emotional_vent
"I feel like I made a huge mistake coming here. The weather has been terrible, I got sick, and I'm spending all my savings just to be miserable in a different time zone.",emotional_vent
"The anxiety is keeping me awake every single night. I obsess over my budget, my itinerary, and whether my bags are secure, resulting in me running on two hours of sleep and feeling completely unhinged.",emotional_vent
"I am struggling with the lack of routine. I thought I wanted total freedom, but waking up every day with no structure or purpose is actually making me feel incredibly depressed and lethargic.",emotional_vent
"I feel so alone in a crowded room. Even when I join group tours or sit with people at dinner, I feel completely disconnected from the conversations, like I'm watching my own trip from behind glass.",emotional_vent
"The bus from Bogota to Medellin takes about 10 hours and costs around 80,000 COP. I highly recommend Bolivariano, as their buses have decent legroom, AC, and usually a working toilet on board.",logistical_guide
"How much does a meal cost in a standard local restaurant in Peru? If you order the 'Menu del Dia' for lunch, you can easily get a soup, main course, and a drink for about 12 to 15 Soles.",logistical_guide
"The train schedule for Italy is best checked on the Trenitalia app. For high-speed Frecciarossa trains, booking a month in advance can save you 50%, whereas regional train tickets cost the same on the day of travel.",logistical_guide
"My exact spending for two weeks in Morocco was $650. I stayed in mid-range riads, took CTM buses between cities, and mostly ate tagines at local spots, avoiding the expensive tourist restaurants in the main squares.",logistical_guide
"The cheapest way to get from the Tokyo airports (Narita or Haneda) into the city is the regular commuter train, but it takes much longer. The Skyliner is faster but costs around 2,500 Yen one way.",logistical_guide
"How to book a train in India as a foreigner can be incredibly frustrating. You need to register an IRCTC account, which requires an international mobile number verification fee, or use an agency site like 12Go Asia.",logistical_guide
"The cost of a hostel in Sydney is currently astronomical. You are looking at a minimum of $40 AUD for a bed in a massive 20-person dorm, so budget accordingly if you plan to stay long-term.",logistical_guide
"What is the budget for a 3-day safari in the Serengeti? Most budget camping tours start around $600 USD, which includes park fees, a cook, and basic tents, but you should also factor in $50 for driver tips.",logistical_guide
"The best route from Paris to Amsterdam by train is the Eurostar (formerly Thalys). It takes about 3 hours and 20 minutes direct, but tickets can jump to over 150 Euros if you don't book several weeks ahead.",logistical_guide
"How to navigate the bus system in Costa Rica: use the public buses (colectivos) for cheap travel, but know they don't have AC and make frequent stops. Private shuttles like Interbus cost $50 but are direct and comfortable.",logistical_guide
"I think Rome is overrated and incredibly stressful. The historical sites are undeniably important, but the city itself is filthy, the traffic is dangerous, and you are constantly harassed by scammers near every monument.",destination_take
"The vibe in Berlin is effortlessly cool and unapologetically gritty. It doesn't have the classic beauty of Paris, but the underground art scene and the incredible techno clubs make it the most dynamic city in Europe.",destination_take
"I was so disappointed by my trip to Bali. The traffic in Canggu is an absolute nightmare, the beaches are littered with plastic, and the authentic Balinese culture feels completely paved over by trendy cafes and influencers.",destination_take
"The street art in Melbourne gives the city such a vibrant, creative pulse. Wandering through the laneways and discovering hidden coffee shops makes it feel like the most livable, culturally rich city in Australia.",destination_take
"I found the culture to be incredibly warm and hospitable in Jordan. Despite the language barrier, locals constantly invited me in for tea, and I felt safer there than in many major European capitals.",destination_take
"The scenery in New Zealand is so stunning it almost becomes exhausting. After two weeks of driving past towering glaciers, turquoise lakes, and massive fjords, my brain literally couldn't process any more natural beauty.",destination_take
"I absolutely loved my time in Kyoto, specifically because of the quiet moments. If you wake up at 6 AM and walk the Philosopher's Path before the tour buses arrive, the serenity is truly life-changing.",destination_take
"The tourist crowds in Kyoto are completely destroying the experience. You can't even walk down the streets in Gion without being elbowed by massive tour groups, making the whole city feel like a stressful theme park.",destination_take
"My favorite destination so far has been Oaxaca. The blend of indigenous culture, the vibrant markets, and the fact that they treat their culinary traditions with such immense pride makes it an unforgettable place.",destination_take
The best experience I had in Southeast Asia was renting a motorbike and driving the Ha Giang loop. The dramatic limestone mountains and the sheer freedom of the open road were absolutely exhilarating.,destination_take
"I am having a panic attack in my hotel room because I just realized I miscalculated my visa days. I have overstayed by two days, and the fear of getting detained at the airport tomorrow is paralyzing me.",emotional_vent
The homesickness is hitting hard today because it's Thanksgiving back home. Seeing all my friends and family gathered around a table on Instagram while I eat a sad sandwich alone is breaking my heart.,emotional_vent
"I feel so disconnected from the people I'm traveling with. I joined a group tour to avoid being lonely, but our personalities clash so badly that I feel more isolated surrounded by them than I did traveling solo.",emotional_vent
"Does anyone else feel this overwhelming guilt for not enjoying a trip? I am in one of the most beautiful places on earth, but my depression followed me here, and I hate myself for wasting this opportunity.",emotional_vent
"I am crying in the shower because I am just so tired. I'm tired of carrying my heavy bag, I'm tired of sleeping in uncomfortable beds, and I'm tired of having to constantly be hyper-aware of my surroundings.",emotional_vent
The travel burnout is real and it has completely stripped my sense of wonder. I walked right past the Colosseum today and didn't even stop to look at it because I just wanted to get back to my bed.,emotional_vent
"I feel so out of my depth here. The chaotic traffic, the aggressive haggling, and the sheer volume of people in the streets are making me want to lock myself in my room and never come out.",emotional_vent
"The anxiety is making me physically ill. I have a knot in my stomach every time I have to navigate a new transit system, and the constant stress is causing me to lose weight and feel terrible.",emotional_vent
"I just want to sleep for a week. The constant sensory overload of new cities, new languages, and new people every few days has completely fried my nervous system, and I can't process anything anymore.",emotional_vent
"I am so tired of making decisions. Figuring out where to sleep, what to eat, how to get there, and what to see every single day is exhausting, and I just wish someone would tell me what to do.",emotional_vent
"The train from Kyoto to Osaka is incredibly fast and cheap. You can take the Special Rapid service on the JR Kyoto Line, which takes about 30 minutes and costs 570 Yen, no reservations required.",logistical_guide
"How to save money in Scandinavia: do not buy alcohol at bars. Buy your beer at the state-run liquor stores (like Systembolaget in Sweden) during their limited opening hours, otherwise, a pint will cost you $10+.",logistical_guide
"The cost of a coffee in Paris varies drastically depending on where you sit. An espresso at the bar might be 1.50 Euros, but if you sit at a terrace table facing the street, it jumps to 4 Euros.",logistical_guide
"My budget for six months in South America is $8,000. I plan to volunteer via Workaway to save on accommodation for a few weeks, but will this be enough to cover the expensive flights to Patagonia?",logistical_guide
"The best way to travel between cities in Spain is the AVE high-speed train. It connects Madrid to Barcelona in under 3 hours, but you must book through the Renfe website well in advance to get the 30 Euro promo fares.",logistical_guide
"How to use the subway in New York: buy a MetroCard or just tap your contactless credit card at the turnstile. The fare is $2.90 per ride, and if you tap the same card 12 times in a week, the rest are free.",logistical_guide
The cheapest flights to Asia from the West Coast are usually on Zipair or generic Chinese airlines like China Eastern. You can often find roundtrips from LAX to Tokyo or Bangkok for under $600 if you travel in November.,logistical_guide
"Booking hostels last minute vs months in advance? In peak European summer, book months ahead or you'll be stuck paying 80 Euros for a terrible bed. In Southeast Asia, you can easily book a day before on Agoda.",logistical_guide
"The cost of activities in Queenstown will drain your budget instantly. A bungy jump is around $200 NZD, and a scenic helicopter flight is $300+. Stick to the free day hikes like Ben Lomond if you are broke.",logistical_guide
"What is the best backpack for a 3-month trip? I am torn between the Osprey Farpoint 40L, which is carry-on compliant, and the 55L, which requires checking in but offers much more space for winter gear.",logistical_guide
"I think Paris is magical, regardless of what the cynics say. Grabbing a fresh baguette, sitting by the Seine at sunset, and watching the Eiffel Tower sparkle is a cliché for a reason—it's absolutely perfect.",destination_take
"The atmosphere in Edinburgh is unmatched anywhere else in the UK. It feels like stepping into a dark academia novel, with the looming castle, the fog, and the incredibly cozy pubs tucked into medieval alleyways.",destination_take
"I was blown away by the sheer scale of Istanbul. It bridges two continents, and the juxtaposition of massive ancient mosques sitting right next to bustling, modern hipster neighborhoods makes it endlessly fascinating to explore.",destination_take
"The food in Mexico is the main reason to visit. Beyond the tacos, regional dishes like Cochinita Pibil in the Yucatan or the rich moles in Puebla showcase a culinary depth that completely blew my mind.",destination_take
"I found the people to be incredibly resilient and kind in Vietnam. Despite the chaotic traffic and the intense heat, there is a vibrant, optimistic energy to the country that makes it a joy to travel through.",destination_take
"The nightlife in Bangkok is a wild, overwhelming experience. From the sweaty backpacker chaos of Khao San Road to the ultra-luxurious rooftop bars overlooking the skyline, the city caters to every possible extreme.",destination_take
"I loved the history in Rome, but the city itself feels like an open-air museum that is struggling to function as a modern capital. The crumbling infrastructure and terrible public transit definitely detract from the romance.",destination_take
"The locals were incredibly welcoming in Colombia. I was nervous about safety, but the warmth of the people, their eagerness to share their culture, and the vibrant salsa scene made it my favorite country in South America.",destination_take
"My honest thoughts on the Taj Mahal: it is one of the few places on earth that actually exceeds the hype. Seeing it at sunrise before the massive crowds arrive is a deeply moving, almost spiritual experience.",destination_take
"The best part of visiting Iceland isn't the Blue Lagoon, it's the remote Westfjords. Getting away from the Ring Road crowds and driving through desolate, breathtaking landscapes gave me the profound sense of isolation I was looking for.",destination_take
"I am feeling so homesick that I can't even get out of bed today. I miss my own kitchen, my friends, and the comfort of knowing exactly how everything works in my daily routine.",emotional_vent
"The loneliness is overwhelming today. I spent my entire birthday walking around a foreign city without speaking a single word to anyone, and I have never felt more invisible in my entire life.",emotional_vent
"I just want to be back in a place where I understand the cultural nuances. I am constantly terrified of offending people here, and the mental gymnastics required to just exist in public are exhausting me.",emotional_vent
"Has anyone dealt with this level of social anxiety in hostels? I walk into the common room, see everyone already in established friend groups, and immediately retreat to my bunk bed because I'm too scared to say hi.",emotional_vent
"I am so stressed about my dwindling bank account that it's ruining the trip. Every time I buy a meal or a bus ticket, my chest tightens with panic, and I can't enjoy anything because of the financial guilt.",emotional_vent
"The culture shock is real and it's manifesting as anger. I find myself getting furious at minor inconveniences like slow service or disorganized queues, and I hate that I'm turning into a grumpy, intolerant tourist.",emotional_vent
"I feel like a complete imposter on this backpacking trip. Everyone else seems so adventurous, brave, and carefree, while I am secretly terrified of everything and just pretending to have a good time.",emotional_vent
"The anxiety is taking over my trip. I got a minor stomach bug yesterday, and my mind immediately spiraled into a full-blown panic attack about ending up in a foreign hospital all alone.",emotional_vent
"I am struggling to enjoy the present moment. I am sitting on a beautiful beach in Thailand, but my brain is completely consumed by worries about what job I'm going to find when I finally go home.",emotional_vent
"I feel so isolated and misunderstood. I try to explain to my family back home how hard solo travel can be, but they just tell me I'm ""living the dream,"" which makes me feel incredibly invalidated and lonely.",emotional_vent
"The bus from Cusco to Puno (Lake Titicaca) takes about 7 hours. Cruz del Sur offers comfortable double-decker buses for around $25 USD, but make sure to book the lower deck VIP seats for maximum recline.",logistical_guide
"How much does it cost to hike the Annapurna Circuit independently? If you don't hire a guide or porter, you can comfortably survive on $25-$30 a day for teahouse accommodation, dal bhat, and permits.",logistical_guide
"The train times for Spain can be confusing because Renfe's website often crashes. Use the Trainline app to check schedules for the AVE high-speed routes between Madrid and Seville, as it's much more user-friendly.",logistical_guide
"My exact budget for one month in Japan was $2,200. I stayed exclusively in capsule hotels or cheap hostels, bought a 14-day JR Pass, and ate a mix of 7-Eleven meals and cheap ramen to keep costs down.",logistical_guide
"The cheapest way to see the Swiss Alps is to base yourself in a smaller town like Interlaken rather than Zermatt. Buy the Half-Fare travel card for 120 CHF, which gives you 50% off all trains and cable cars.",logistical_guide
"How to book flights on budget Asian airlines like AirAsia: always use incognito mode, and uncheck all the pre-selected add-ons for seat selection and travel insurance before you get to the final payment screen.",logistical_guide
"The cost of a dorm bed in Amsterdam during the summer is shocking. You will easily pay 60 to 80 Euros for a bed in a 10-person room, so consider staying in Utrecht and taking the 20-minute train in.",logistical_guide
"What is the daily budget for a backpacker in Eastern Europe? In places like Poland, Romania, and Hungary, you can still easily get by on $40-$50 a day including hostel, food, and local transit.",logistical_guide
"The best route to take from Vietnam into Cambodia is the riverboat down the Mekong from Chau Doc to Phnom Penh. It takes about 5 hours, costs $35, and handles the border crossing logistics for you.",logistical_guide
"How to navigate the city of Seoul: download Naver Map or KakaoMap immediately. Google Maps does not work properly in South Korea due to security laws, and it will not give you accurate walking or transit directions.",logistical_guide
"I think London is amazing, but it lacks the chaotic charm of other European cities. It feels very orderly, corporate, and polished, which is great for living, but slightly boring for a gritty backpacking adventure.",destination_take
"The vibe in Tokyo is a bizarre mix of intense sensory overload and absolute silence. You can walk from a screaming, neon-lit arcade straight into a completely serene, silent temple garden in less than five minutes.",destination_take
"I was let down by the famous beaches in Tulum. The seaweed problem was massive, the beach clubs charge exorbitant entry fees, and the whole town just feels like an overpriced playground for Instagram influencers.",destination_take
"The street food in Thailand is incredible, but I found the cuisine in Penang, Malaysia to be vastly superior. The mix of Malay, Chinese, and Indian influences creates a food culture that is completely unmatched in Asia.",destination_take
"I found the country to be breathtakingly beautiful, but the locals in France were exactly as arrogant as the stereotypes suggest. Even when I tried speaking broken French, I was met with eye rolls and deep sighs.",destination_take
"The scenery in Norway is majestic, but the country feels a bit sterile. Everything is so perfect, clean, and ridiculously expensive that it lacks the spontaneous, chaotic energy that makes traveling fun for me.",destination_take
"I loved the culture in Taiwan. It has the efficiency and safety of Japan, but the people are much warmer and more outgoing, and the night market food scene is arguably the best in the world.",destination_take
"The tourist areas in Bali are unlivable now, but if you go north to Munduk or Sidemen, you can still find the lush, peaceful, deeply spiritual island that everyone fell in love with twenty years ago.",destination_take
"My favorite spot in the world is the Scottish Highlands. The moody weather, the dramatic glens, and the feeling of total isolation make it the perfect place to disconnect and clear your head.",destination_take
"The best meal I had in Italy wasn't in a fancy Roman restaurant, it was a simple, two-euro slice of pizza from a hole-in-the-wall bakery in Naples. The quality of the ingredients speaks for itself.",destination_take
"I am having another breakdown because my bank blocked my travel card. I have exactly ten euros in cash, I'm in a foreign country, and the sheer panic of being stranded with no money is suffocating me.",emotional_vent
"The homesickness is getting worse the longer I travel. I thought I would adapt, but I find myself crying every time I see a family at a restaurant, just wishing I was sitting at a table with mine.",emotional_vent
"I feel completely disconnected from the reality of this trip. I'm staring at the Eiffel Tower, but my mind is completely numb, and I feel immense guilt for not feeling the joy I'm supposed to be feeling right now.",emotional_vent
"Does anyone else experience this paralyzing fear of missing out? I exhaust myself running to every single museum and viewpoint because I'm terrified I'll regret not seeing it, and it's ruining my mental health.",emotional_vent
"I am crying on the floor of my hostel shower because I am just so overwhelmed. The noise, the constant movement, the lack of privacy—it has all built up and my brain just completely snapped today.",emotional_vent
"The travel fatigue is real and it makes me hate everything. I am irritable, I snap at friendly locals, I hate the food, and I know I'm being irrational but I just cannot summon the energy to care anymore.",emotional_vent
"I feel completely out of control of my own life right now. I missed my flight, my luggage is lost, and the helplessness of being alone in an airport where no one speaks English is causing a massive panic attack.",emotional_vent
"The anxiety is consuming me every time I have to move to a new city. The stress of packing, navigating train stations, and finding my new hostel in the dark makes me want to just stay in one room forever.",emotional_vent
"I just want to rest, but I feel guilty if I don't go out. I've been traveling for four months and my body is physically breaking down, but the pressure to ""make the most of it"" keeps forcing me out the door.",emotional_vent
"I am so exhausted by the constant vigilance required to travel solo as a female. Always checking my drinks, never walking alone at night, constantly analyzing every interaction—it is a heavy mental burden to carry every single day.",emotional_vent